Workbook

Sheet Оценки
A1: Экспертная слепая оценка 30 толкований כמיהה (0–2 по критерию, итог 0–10). К1 — автоматическая сверка со списком примитивов + ручная проверка грамматики; К2–К5 — эксперт.
A2: Код | B2: Модель | C2: Язык | D2: Итерация | E2: Статус | F2: К1 Примитивы | G2: К2 Ядро | H2: К3 Различение | I2: К4 Сферы | J2: К5 Сценарий | K2: Итого (0–10) | L2: Толкование | M2: Обоснование К1
A3: T29 | B3: Dots3 | C3: en | D3: 1 | E3: ok | F3: 2 | G3: 1 | H3: 1 | I3: 2 | J3: 2 | K3: =SUM(F3:J3) -> 8 | L3: someone feels something sometimes a person thinks like this: "I want something to be here now. This something is not here. I think about this for a long time." because of this, this person feels something like people feel when they think like this | M3: все слова из списка
A4: T30 | B4: Dots3 | C4: en | D4: 2 | E4: ok | F4: 2 | G4: 1 | H4: 1 | I4: 2 | J4: 2 | K4: =SUM(F4:J4) -> 8 | L4: SOMEONE FEELS SOMETHING THIS IS BECAUSE THIS SOMEONE WANTS SOMETHING THIS SOMEONE THINKS THAT THIS SOMETHING IS NOT NOW THIS SOMEONE THINKS THAT THIS SOMETHING IS GOOD THIS SOMEONE THINKS ABOUT THIS SOMETHING FOR A LONG TIME LIKE WHEN PEOPLE WANT SOMETHING THAT IS FAR FROM THEM | M4: все слова из списка
A5: T19 | B5: Dots3 | C5: en | D5: 3 | E5: ok | F5: 1 | G5: 2 | H5: 2 | I5: 2 | J5: 2 | K5: =SUM(F5:J5) -> 9 | L5: A person feels something bad. Sometimes this person thinks like this: "I want something good, but it is not here now." Because of this thought, the person feels something bad. This is like when a person wants something very much and thinks it is not there. | M5: вне списка: but, thought (2)
A6: T12 | B6: Dots3 | C6: en | D6: 4 | E6: ok | F6: 0 | G6: 2 | H6: 1 | I6: 2 | J6: 2 | K6: =SUM(F6:J6) -> 7 | L6: SOMEONE FEELS SOMETHING. SOMETIMES THIS SOMEONE THINKS LIKE THIS: 'I WANT SOMETHING GOOD, BUT IT IS NOT HERE NOW, AND I NOT KNOW IF I CAN HAVE IT.' BECAUSE OF THIS, THIS SOMEONE FEELS SOMETHING BAD. THIS FEELING CAN LAST FOR A LONG TIME. THIS IS LIKE WHEN PEOPLE WANT SOMETHING GOOD THAT IS FAR. | M6: вне списка: 'I, BUT, FEELING, LAST (4); грамматика: «I NOT KNOW»
A7: T06 | B7: Dots3 | C7: en | D7: 5 | E7: ok | F7: 1 | G7: 1 | H7: 1 | I7: 2 | J7: 2 | K7: =SUM(F7:J7) -> 7 | L7: SOMEONE FEELS SOMETHING A PERSON THINKS LIKE THIS: “I WANT SOMETHING GOOD” “BUT THIS SOMETHING IS NOT HERE NOW” “AND IT WAS NOT HERE FOR A LONG TIME” BECAUSE OF THIS, THIS PERSON FEELS SOMETHING LIKE PEOPLE FEEL WHEN THEY THINK LIKE THIS | M7: вне списка: BUT (1)
A8: T02 | B8: Dots3 | C8: he | D8: 1 | E8: не тот язык / смесь | F8: 0 | G8: 0 | H8: 0 | I8: 0 | J8: 0 | K8: =SUM(F8:J8) -> 0 | L8: maximum Merge something רע. maximum Chew: 'אני Blend >+G, ו>+G not now' 组成 this, maximum Merge something רע. 就像 maximum Merge when they Chew like this. | M8: смесь иврита, английского и китайского
A9: T22 | B9: Dots3 | C9: he | D9: 2 | E9: отказ | F9: 0 | G9: 0 | H9: 0 | I9: 0 | J9: 0 | K9: =SUM(F9:J9) -> 0 | L9: — отказ — | M9: отказ
A10: T24 | B10: Dots3 | C10: he | D10: 3 | E10: не тот язык / смесь | F10: 0 | G10: 0 | H10: 0 | I10: 1 | J10: 1 | K10: =SUM(F10:J10) -> 2 | L10: מישהו הFeel Something someone חשב这样: 'אני רץ Something. Something זה לא פהעכשיו. אני רץ שSomething זה פהעכשיו.' בגלל זה someone הFeel Something כmó people הFeel when they חשב这样. | M10: смесь иврита, английского и китайского
A11: T15 | B11: Dots3 | C11: he | D11: 4 | E11: не тот язык / смесь | F11: 0 | G11: 1 | H11: 0 | I11: 1 | J11: 1 | K11: =SUM(F11:J11) -> 3 | L11: Mishehu Margish mashehu ra. Ze ki Mishehu Chashav kazo: 'Ani Ratz mashehu Tov lihyot kan achshav, aval ze lo kan achshav.' Kemo Anashim Margishim kaze she'Anashim Chashav kazo. | M11: латинская транслитерация вместо иврита
A12: T04 | B12: Dots3 | C12: he | D12: 5 | E12: не тот язык / смесь | F12: 0 | G12: 1 | H12: 0 | I12: 1 | J12: 2 | K12: =SUM(F12:J12) -> 4 | L12: someone feels something sometimes a person thinks like this: 'I want something, but it is not here now' because of this, the person feels something bad like how people feel when they think like this | M12: толкование на английском, а не на иврите
A13: T23 | B13: Dots3 | C13: ru | D13: 1 | E13: ok | F13: 2 | G13: 1 | H13: 0 | I13: 1 | J13: 1 | K13: =SUM(F13:J13) -> 5 | L13: Кто-то очень хочет чего-то. Кто-то думает о том, что он хочет. Потому что он думает так, он чувствует что-то. Так, как чувствуют люди, когда очень хотят чего-то. | M13: все слова из списка
A14: T07 | B14: Dots3 | C14: ru | D14: 2 | E14: зацикливание | F14: 0 | G14: 2 | H14: 2 | I14: 2 | J14: 2 | K14: =SUM(F14:J14) -> 8 | L14: кто-то хочет чего-то кто-то чувствует, что ему нужно что-то кто-то думает о чем-то очень часто кто-то хочет чего-то, что находится далеко кто-то хочет чего-то, чего нет сейчас кто-то хочет чего-то, что трудно получить кто-то чувствует напряжение из-за этого кто-то думает об этом постоянно кто-то чувствует, что это важно для него кто-то хочет изменить своё состояние кто-то хочет соединиться с чем-то кто-то хочет вернуться к чему-то кто-то хочет получить что-то кто-то хочет избежать чего-то кто-то чувствует, что это часть его кто-то думает, что без этого он не может быть собой кто-то хочет, чтобы это стало реальностью кто-то чувствует, что это движет им кто-то хочет, чтобы это длилось кто-то чувствует, что это сильнее других желаний кто-то хочет, чтобы это было достигнуто кто-то чувствует, что это его природа кто-то хочет, чтобы это было частью его жизни кто-то чувствует, что это его судьба | M14: вне списка: без, важно, вернуться, движет, длилось, достигнуто, желаний, жизни, избежать, изменить, к, напряжение … (25)
... A32: T16 | B32: Nemotron3 | C32: ru | D32: 5 | E32: ok | F32: 1 | G32: 1 | H32: 0 | I32: 2 | J32: 2 | K32: =SUM(F32:J32) -> 6 | L32: Кто-то чувствует что-то. Может быть кто-то думает: я хочу это. Не у меня есть это. Потому что это, кто-то чувствует что-то плохое. Так чувствуют люди, когда думают так. | M32: грамматика: «Не у меня есть это»

Sheet Сводка
A1: Среднее и выборочное стандартное отклонение итогового балла (0–10) по 5 итерациям. Чем выше среднее и ниже SD, тем лучше модель.
A2: Модель | B2: Язык | C2: n | D2: Среднее | E2: SD | F2: Отказы | G2: Сломанные ответы | H2: Ср. К1 | I2: Ср. К2 | J2: Ср. К3 | K2: Ср. К4 | L2: Ср. К5
A3: Nemotron3 | B3: ru | C3: =COUNTIFS(Оценки!$B$3:$B$32,A3,Оценки!$C$3:$C$32,B3) -> 5 | D3: =AVERAGEIFS(Оценки!$K$3:$K$32,Оценки!$B$3:$B$32,A3,Оценки!$C$3:$C$32,B3) -> 6.4 | E3: =SQRT((SUMPRODUCT((Оценки!$B$3:$B$32=A3)*(Оценки!$C$3:$C$32=B3)*Оценки!$K$3:$K$32^2)-C3*D3^2)/(C3-1)) -> 1.6733201 | F3: =COUNTIFS(Оценки!$B$3:$B$32,A3,Оценки!$C$3:$C$32,B3,Оценки!$E$3:$E$32,"отказ") -> 0 | G3: =C3-COUNTIFS(Оценки!$B$3:$B$32,A3,Оценки!$C$3:$C$32,B3,Оценки!$E$3:$E$32,"ok") -> 1 | H3: =AVERAGEIFS(Оценки!$F$3:$F$32,Оценки!$B$3:$B$32,A3,Оценки!$C$3:$C$32,B3) -> 1 | I3: =AVERAGEIFS(Оценки!$G$3:$G$32,Оценки!$B$3:$B$32,A3,Оценки!$C$3:$C$32,B3) -> 1.2 | J3: =AVERAGEIFS(Оценки!$H$3:$H$32,Оценки!$B$3:$B$32,A3,Оценки!$C$3:$C$32,B3) -> 0.6 | K3: =AVERAGEIFS(Оценки!$I$3:$I$32,Оценки!$B$3:$B$32,A3,Оценки!$C$3:$C$32,B3) -> 2 | L3: =AVERAGEIFS(Оценки!$J$3:$J$32,Оценки!$B$3:$B$32,A3,Оценки!$C$3:$C$32,B3) -> 1.6
A4: Nemotron3 | B4: en | C4: =COUNTIFS(Оценки!$B$3:$B$32,A4,Оценки!$C$3:$C$32,B4) -> 5 | D4: =AVERAGEIFS(Оценки!$K$3:$K$32,Оценки!$B$3:$B$32,A4,Оценки!$C$3:$C$32,B4) -> 7.8 | E4: =SQRT((SUMPRODUCT((Оценки!$B$3:$B$32=A4)*(Оценки!$C$3:$C$32=B4)*Оценки!$K$3:$K$32^2)-C4*D4^2)/(C4-1)) -> 0.83666003 | F4: =COUNTIFS(Оценки!$B$3:$B$32,A4,Оценки!$C$3:$C$32,B4,Оценки!$E$3:$E$32,"отказ") -> 0 | G4: =C4-COUNTIFS(Оценки!$B$3:$B$32,A4,Оценки!$C$3:$C$32,B4,Оценки!$E$3:$E$32,"ok") -> 0 | H4: =AVERAGEIFS(Оценки!$F$3:$F$32,Оценки!$B$3:$B$32,A4,Оценки!$C$3:$C$32,B4) -> 1.2 | I4: =AVERAGEIFS(Оценки!$G$3:$G$32,Оценки!$B$3:$B$32,A4,Оценки!$C$3:$C$32,B4) -> 1.4 | J4: =AVERAGEIFS(Оценки!$H$3:$H$32,Оценки!$B$3:$B$32,A4,Оценки!$C$3:$C$32,B4) -> 1.2 | K4: =AVERAGEIFS(Оценки!$I$3:$I$32,Оценки!$B$3:$B$32,A4,Оценки!$C$3:$C$32,B4) -> 2 | L4: =AVERAGEIFS(Оценки!$J$3:$J$32,Оценки!$B$3:$B$32,A4,Оценки!$C$3:$C$32,B4) -> 2
A5: Nemotron3 | B5: he | C5: =COUNTIFS(Оценки!$B$3:$B$32,A5,Оценки!$C$3:$C$32,B5) -> 5 | D5: =AVERAGEIFS(Оценки!$K$3:$K$32,Оценки!$B$3:$B$32,A5,Оценки!$C$3:$C$32,B5) -> 6 | E5: =SQRT((SUMPRODUCT((Оценки!$B$3:$B$32=A5)*(Оценки!$C$3:$C$32=B5)*Оценки!$K$3:$K$32^2)-C5*D5^2)/(C5-1)) -> 1.2247449 | F5: =COUNTIFS(Оценки!$B$3:$B$32,A5,Оценки!$C$3:$C$32,B5,Оценки!$E$3:$E$32,"отказ") -> 0 | G5: =C5-COUNTIFS(Оценки!$B$3:$B$32,A5,Оценки!$C$3:$C$32,B5,Оценки!$E$3:$E$32,"ok") -> 0 | H5: =AVERAGEIFS(Оценки!$F$3:$F$32,Оценки!$B$3:$B$32,A5,Оценки!$C$3:$C$32,B5) -> 1 | I5: =AVERAGEIFS(Оценки!$G$3:$G$32,Оценки!$B$3:$B$32,A5,Оценки!$C$3:$C$32,B5) -> 0.8 | J5: =AVERAGEIFS(Оценки!$H$3:$H$32,Оценки!$B$3:$B$32,A5,Оценки!$C$3:$C$32,B5) -> 0.2 | K5: =AVERAGEIFS(Оценки!$I$3:$I$32,Оценки!$B$3:$B$32,A5,Оценки!$C$3:$C$32,B5) -> 2 | L5: =AVERAGEIFS(Оценки!$J$3:$J$32,Оценки!$B$3:$B$32,A5,Оценки!$C$3:$C$32,B5) -> 2
A6: Dots3 | B6: ru | C6: =COUNTIFS(Оценки!$B$3:$B$32,A6,Оценки!$C$3:$C$32,B6) -> 5 | D6: =AVERAGEIFS(Оценки!$K$3:$K$32,Оценки!$B$3:$B$32,A6,Оценки!$C$3:$C$32,B6) -> 7 | E6: =SQRT((SUMPRODUCT((Оценки!$B$3:$B$32=A6)*(Оценки!$C$3:$C$32=B6)*Оценки!$K$3:$K$32^2)-C6*D6^2)/(C6-1)) -> 1.2247449 | F6: =COUNTIFS(Оценки!$B$3:$B$32,A6,Оценки!$C$3:$C$32,B6,Оценки!$E$3:$E$32,"отказ") -> 0 | G6: =C6-COUNTIFS(Оценки!$B$3:$B$32,A6,Оценки!$C$3:$C$32,B6,Оценки!$E$3:$E$32,"ok") -> 2 | H6: =AVERAGEIFS(Оценки!$F$3:$F$32,Оценки!$B$3:$B$32,A6,Оценки!$C$3:$C$32,B6) -> 0.8 | I6: =AVERAGEIFS(Оценки!$G$3:$G$32,Оценки!$B$3:$B$32,A6,Оценки!$C$3:$C$32,B6) -> 1.4 | J6: =AVERAGEIFS(Оценки!$H$3:$H$32,Оценки!$B$3:$B$32,A6,Оценки!$C$3:$C$32,B6) -> 1.2 | K6: =AVERAGEIFS(Оценки!$I$3:$I$32,Оценки!$B$3:$B$32,A6,Оценки!$C$3:$C$32,B6) -> 1.8 | L6: =AVERAGEIFS(Оценки!$J$3:$J$32,Оценки!$B$3:$B$32,A6,Оценки!$C$3:$C$32,B6) -> 1.8
A7: Dots3 | B7: en | C7: =COUNTIFS(Оценки!$B$3:$B$32,A7,Оценки!$C$3:$C$32,B7) -> 5 | D7: =AVERAGEIFS(Оценки!$K$3:$K$32,Оценки!$B$3:$B$32,A7,Оценки!$C$3:$C$32,B7) -> 7.8 | E7: =SQRT((SUMPRODUCT((Оценки!$B$3:$B$32=A7)*(Оценки!$C$3:$C$32=B7)*Оценки!$K$3:$K$32^2)-C7*D7^2)/(C7-1)) -> 0.83666003 | F7: =COUNTIFS(Оценки!$B$3:$B$32,A7,Оценки!$C$3:$C$32,B7,Оценки!$E$3:$E$32,"отказ") -> 0 | G7: =C7-COUNTIFS(Оценки!$B$3:$B$32,A7,Оценки!$C$3:$C$32,B7,Оценки!$E$3:$E$32,"ok") -> 0 | H7: =AVERAGEIFS(Оценки!$F$3:$F$32,Оценки!$B$3:$B$32,A7,Оценки!$C$3:$C$32,B7) -> 1.2 | I7: =AVERAGEIFS(Оценки!$G$3:$G$32,Оценки!$B$3:$B$32,A7,Оценки!$C$3:$C$32,B7) -> 1.4 | J7: =AVERAGEIFS(Оценки!$H$3:$H$32,Оценки!$B$3:$B$32,A7,Оценки!$C$3:$C$32,B7) -> 1.2 | K7: =AVERAGEIFS(Оценки!$I$3:$I$32,Оценки!$B$3:$B$32,A7,Оценки!$C$3:$C$32,B7) -> 2 | L7: =AVERAGEIFS(Оценки!$J$3:$J$32,Оценки!$B$3:$B$32,A7,Оценки!$C$3:$C$32,B7) -> 2
A8: Dots3 | B8: he | C8: =COUNTIFS(Оценки!$B$3:$B$32,A8,Оценки!$C$3:$C$32,B8) -> 5 | D8: =AVERAGEIFS(Оценки!$K$3:$K$32,Оценки!$B$3:$B$32,A8,Оценки!$C$3:$C$32,B8) -> 1.8 | E8: =SQRT((SUMPRODUCT((Оценки!$B$3:$B$32=A8)*(Оценки!$C$3:$C$32=B8)*Оценки!$K$3:$K$32^2)-C8*D8^2)/(C8-1)) -> 1.7888544 | F8: =COUNTIFS(Оценки!$B$3:$B$32,A8,Оценки!$C$3:$C$32,B8,Оценки!$E$3:$E$32,"отказ") -> 1 | G8: =C8-COUNTIFS(Оценки!$B$3:$B$32,A8,Оценки!$C$3:$C$32,B8,Оценки!$E$3:$E$32,"ok") -> 5 | H8: =AVERAGEIFS(Оценки!$F$3:$F$32,Оценки!$B$3:$B$32,A8,Оценки!$C$3:$C$32,B8) -> 0 | I8: =AVERAGEIFS(Оценки!$G$3:$G$32,Оценки!$B$3:$B$32,A8,Оценки!$C$3:$C$32,B8) -> 0.4 | J8: =AVERAGEIFS(Оценки!$H$3:$H$32,Оценки!$B$3:$B$32,A8,Оценки!$C$3:$C$32,B8) -> 0 | K8: =AVERAGEIFS(Оценки!$I$3:$I$32,Оценки!$B$3:$B$32,A8,Оценки!$C$3:$C$32,B8) -> 0.6 | L8: =AVERAGEIFS(Оценки!$J$3:$J$32,Оценки!$B$3:$B$32,A8,Оценки!$C$3:$C$32,B8) -> 0.8
A10: Срез | B10: Значение | C10: n | D10: Среднее | E10: SD
A11: Язык | B11: ru | C11: =COUNTIF(Оценки!$C$3:$C$32,B11) -> 10 | D11: =AVERAGEIF(Оценки!$C$3:$C$32,B11,Оценки!$K$3:$K$32) -> 6.7 | E11: =SQRT((SUMPRODUCT((Оценки!$C$3:$C$32=B11)*Оценки!$K$3:$K$32^2)-C11*D11^2)/(C11-1)) -> 1.4181365
A12: Язык | B12: en | C12: =COUNTIF(Оценки!$C$3:$C$32,B12) -> 10 | D12: =AVERAGEIF(Оценки!$C$3:$C$32,B12,Оценки!$K$3:$K$32) -> 7.8 | E12: =SQRT((SUMPRODUCT((Оценки!$C$3:$C$32=B12)*Оценки!$K$3:$K$32^2)-C12*D12^2)/(C12-1)) -> 0.78881064
A13: Язык | B13: he | C13: =COUNTIF(Оценки!$C$3:$C$32,B13) -> 10 | D13: =AVERAGEIF(Оценки!$C$3:$C$32,B13,Оценки!$K$3:$K$32) -> 3.9 | E13: =SQRT((SUMPRODUCT((Оценки!$C$3:$C$32=B13)*Оценки!$K$3:$K$32^2)-C13*D13^2)/(C13-1)) -> 2.6436507
A14: Модель | B14: Nemotron3 | C14: =COUNTIF(Оценки!$B$3:$B$32,B14) -> 15 | D14: =AVERAGEIF(Оценки!$B$3:$B$32,B14,Оценки!$K$3:$K$32) -> 6.7333333 | E14: =SQRT((SUMPRODUCT((Оценки!$B$3:$B$32=B14)*Оценки!$K$3:$K$32^2)-C14*D14^2)/(C14-1)) -> 1.4375906
A15: Модель | B15: Dots3 | C15: =COUNTIF(Оценки!$B$3:$B$32,B15) -> 15 | D15: =AVERAGEIF(Оценки!$B$3:$B$32,B15,Оценки!$K$3:$K$32) -> 5.5333333 | E15: =SQRT((SUMPRODUCT((Оценки!$B$3:$B$32=B15)*Оценки!$K$3:$K$32^2)-C15*D15^2)/(C15-1)) -> 3.0205644

Sheet Шкала
A1: Критерий | B1: 2 | C1: 1 | D1: 0
A2: Примитивы | B2: Только слова из списка 65 примитивов; грамматика примитивов верна | C2: 1–2 слова вне списка или ошибки в грамматике примитивов | D2: ≥3 слов вне списка, толкование не на языке промпта или смесь языков
A3: Ядро значения | B3: Очень хочет того, чего нет, что далеко / может быть недостижимо; длится долго | C3: Только «хочет и нет» | D3: Ядро не схвачено или искажено
A4: Различение | B4: Видно отличие от געגועים и תשוקה | C4: Различие намечено | D4: Подходит к любому «желанию / тоске»
A5: Охват доменов | B5: Общее для религиозной, политической, эротической, психологической сфер; сферы названы | C5: Сползает в одну сферу или пропущены важные | D5: Про одну сферу
A6: Сценарий и формат | B6: Прототипический сценарий Вежбицкой, короткие строки, чистый JSON | C6: Сценарий неполный или строки длинные | D6: Нет сценария или не тот формат
